City,Lat,Lng,Max Temp (F),Humidity,Cloudiness,Wind Speed (MPH),Date
Tuatapere,-46.13,167.69,60.4,75,24,21.27,1541183836
Palauig,15.44,119.9,76.28,100,48,3.15,1541183836
Bilma,18.69,12.92,74.71,17,0,4.38,1541183836
Saint Anthony,43.97,-111.68,53.96,63,90,24.16,1541181360
Cidreira,-30.17,-50.22,73.18,76,0,14.9,1541183837
Barrow,-38.31,-60.23,51.4,98,92,17.25,1541183837
Atuona,-9.8,-139.03,80.78,100,0,11.99,1541183838
Touros,-5.2,-35.46,85.51,66,0,15.46,1541183838
Mataura,-46.19,168.86,61.21,69,80,21.27,1541183838
Rafaela,-31.25,-61.49,86.5,57,0,11.32,1541183839
Port-Gentil,-0.72,8.78,80.6,83,40,8.05,1541181600
Ushuaia,-54.81,-68.31,51.8,43,75,17.22,1541181600
Bjorkelangen,59.88,11.57,38.93,100,80,2.71,1541183840
Hithadhoo,-0.6,73.08,82.49,100,88,12.77,1541183840
Chokurdakh,70.62,147.9,-1.8,59,68,3.04,1541183840
Albany,42.65,-73.75,62.06,86,90,4.38,1541182800
Lorengau,-2.02,147.27,80.87,100,76,7.74,1541183841
Marsh Harbour,26.54,-77.06,82.22,96,24,16.02,1541183716
Juneau,58.3,-134.42,33.8,95,75,3.04,1541181660
Cherskiy,68.75,161.3,-1.44,58,32,0.69,1541183842
Souillac,45.6,-0.6,50,81,0,4.7,1541181600
Basco,40.33,-91.2,55.4,62,75,5.82,1541182500
none,none,none,none,none,none,none,none
Alofi,-19.06,-169.92,71.6,94,90,6.93,1541181600
Sal,36.63,38.46,59.95,44,80,8.08,1541183843
none,none,none,none,none,none,none,none
Ancud,-41.87,-73.83,52.75,84,92,3.27,1541183844
Rudiskes,54.52,24.83,51.8,93,90,6.93,1541181000
Punta Arenas,-53.16,-70.91,60.8,36,75,11.41,1541181600
Tungor,53.39,142.95,36.59,86,20,11.21,1541183844
Puerto Ayora,-0.74,-90.35,77,65,75,9.17,1541181600
Rikitea,-23.12,-134.97,71.83,100,92,16.35,1541183845
Daund,18.46,74.58,76.19,59,80,6.29,1541183845
Arraial do Cabo,-22.97,-42.02,80.6,69,75,5.82,1541181600
none,none,none,none,none,none,none,none
Kapaa,22.08,-159.32,80.06,74,40,12.75,1541181360
Hobart,-42.88,147.33,42.8,81,75,20.8,1541181600
Nioro,13.79,-15.05,91.58,45,24,7.74,1541183846
Te Anau,-45.41,167.72,55.81,74,80,16.35,1541183847
Cape Town,-33.93,18.42,64.4,63,0,12.75,1541181600
Fereydunshahr,32.94,50.12,36.01,45,80,5.84,1541183847
Longyearbyen,78.22,15.63,23,73,75,20.8,1541181000
Saint-Philippe,45.36,-73.48,41,93,90,12.75,1541182260
Tasiilaq,65.61,-37.64,28.4,58,40,5.82,1541181000
Butaritari,3.07,172.79,84.97,100,0,10.65,1541183849
Kongolo,-5.39,27,72.91,84,48,3.49,1541183849
Nyurba,63.29,118.35,14.54,61,76,8.97,1541183849
Sorland,67.67,12.69,46.4,87,75,23.04,1541182800
none,none,none,none,none,none,none,none
Primorsko,42.27,27.75,59,77,90,8.05,1541183400
Alexandria,31.31,-92.44,64.94,50,1,4.16,1541181300
East London,-33.02,27.91,60.8,67,20,9.17,1541181600
Vaini,15.34,74.49,75.52,74,64,4.5,1541183916
none,none,none,none,none,none,none,none
Vao,59.1,26.19,51.58,96,80,9.98,1541183916
Alghero,40.56,8.32,55.4,93,0,1.12,1541181000
Cap Malheureux,-19.98,57.61,75.2,78,20,8.05,1541181600
Ust-Nera,64.57,143.24,-4.5,58,68,2.15,1541183917
Oktyabrskoye,56.73,85.44,27.23,74,88,13.67,1541183918
Bluff,-23.58,149.07,61.43,94,0,5.39,1541183918
Castro,-42.48,-73.76,52.43,87,100,2.59,1541183861
Puerto Carreno,6.19,-67.49,91.4,55,40,3.49,1541181600
Bambous Virieux,-20.34,57.76,75.2,78,20,8.05,1541181600
Berlevag,70.86,29.09,39.2,80,0,20.8,1541181000
Codrington,-28.95,153.24,64.4,78,0,6.73,1541183919
Tornio,61.12,27.27,46.4,100,90,10.29,1541182800
Changping,40.22,116.23,39.2,93,0,2.24,1541181600
Kutum,14.2,24.66,71.11,21,0,9.42,1541183920
Hermanus,-34.42,19.24,66.7,44,0,5.17,1541183921
Mar del Plata,-46.43,-67.52,62.42,49,32,13.44,1541183921
Inirida,3.87,-67.92,88.12,70,8,2.15,1541183921
New Norfolk,-42.78,147.06,42.8,81,75,20.8,1541181600
San Patricio,-26.98,-56.83,84.2,76,68,6.73,1541183922
none,none,none,none,none,none,none,none
none,none,none,none,none,none,none,none
none,none,none,none,none,none,none,none
Clyde River,70.47,-68.59,14,72,75,8.05,1541181600
Laguna,27.52,-110.01,84.2,28,5,3.6,1541180820
Busselton,-33.64,115.35,58.64,100,44,13,1541183924
Qaanaaq,77.48,-69.36,0.73,100,0,8.75,1541183871
Saint-Joseph,43.56,6.97,59,87,0,2.24,1541181600
Dukat,42.44,22.31,56.75,83,20,1.36,1541183924
Beringovskiy,63.05,179.32,32.95,100,92,9.19,1541183925
Nanortalik,60.14,-45.24,32.54,95,36,9.86,1541183925
Kasongo,-4.43,26.67,71.02,89,24,2.37,1541183925
none,none,none,none,none,none,none,none
Esperance,10.24,-61.45,84.2,79,40,6.93,1541181600
Lakselv,70.05,24.96,39.2,74,0,35.57,1541182800
Upernavik,72.79,-56.15,19.63,100,24,2.37,1541183870
none,none,none,none,none,none,none,none
Daru,7.99,-10.85,85.28,73,32,3.6,1541183927
Ibotirama,-12.18,-43.22,85.28,66,48,4.94,1541183927
none,none,none,none,none,none,none,none
Mouila,-1.86,11.06,79.07,86,88,2.04,1541183927
Georgetown,6.8,-58.16,82.4,83,40,6.93,1541181600
Ostrovnoy,68.05,39.51,27.59,92,20,8.97,1541183928
Ladnun,27.64,74.39,78.08,31,80,5.61,1541183928
Ribeira Grande,38.52,-28.7,69.8,94,40,10.29,1541181600
none,none,none,none,none,none,none,none
Rio Grande,-32.03,-52.1,73.4,53,0,16.11,1541181600
none,none,none,none,none,none,none,none
Kavieng,-2.57,150.8,80.2,100,48,4.94,1541183899
Marsa Matruh,31.35,27.25,73.4,60,0,5.82,1541178000
Tura,25.52,90.21,66.92,90,8,2.26,1541183995
Tuktoyaktuk,69.44,-133.03,12.2,92,90,8.05,1541181600
Ruwi,23.6,58.55,80.6,44,0,3.36,1541181000
Coquimbo,-29.95,-71.34,68,60,0,13.87,1541181600
Jamestown,-33.21,138.6,52.52,86,0,7.29,1541183741
Grenada,33.77,-89.81,59,55,1,6.93,1541181180
Havelock,34.88,-76.9,78.08,84,80,13.87,1541182200
Hilo,19.71,-155.08,73.04,63,1,4.7,1541181360
Auckland,-36.85,174.77,57.2,71,8,9.17,1541181600
Rocha,-34.48,-54.34,69.4,57,36,8.75,1541183997
none,none,none,none,none,none,none,none
Vila Velha,-3.71,-38.6,86,62,20,16.11,1541181600
Sur,22.57,59.53,78.08,100,0,12.66,1541183922
none,none,none,none,none,none,none,none
Kaspiysk,42.88,47.64,51.8,66,12,22.37,1541181600
Port Alfred,-33.59,26.89,63.46,86,0,15.23,1541183998
Antofagasta,-23.65,-70.4,64.4,63,40,11.41,1541181600
none,none,none,none,none,none,none,none
Tilhar,27.96,79.74,64.81,89,0,2.71,1541183999
Kamaishi,39.28,141.86,37.49,85,0,4.16,1541183999
none,none,none,none,none,none,none,none
Husavik,50.56,-96.99,33.8,100,92,5.17,1541184000
Hearst,49.69,-83.67,33.8,66,48,4.16,1541184000
Ngaoundere,7.32,13.58,78.89,39,88,5.95,1541184001
Ngorongoro,-3.24,35.49,59.86,90,24,3.6,1541183883
Yellowknife,62.45,-114.38,26.6,92,90,11.41,1541181600
Kungurtug,50.6,97.53,-12.42,47,0,3.94,1541184001
Havre-Saint-Pierre,50.23,-63.6,39.2,86,1,5.82,1541181600
Thompson,55.74,-97.86,21.2,79,75,4.7,1541181600
Kitab,39.12,66.88,32,90,12,9.17,1541181600
Chuy,-33.69,-53.46,67.6,81,20,11.99,1541184002
Kiunga,-6.12,141.3,72.37,100,92,2.04,1541184003
Qostanay,53.17,63.58,37.4,91,90,13.42,1541181600
Mbini,1.58,9.62,75.2,100,90,1.92,1541181600
Avarua,-21.21,-159.78,77,73,40,12.75,1541181600
Faya,18.39,42.45,66.2,72,20,4.7,1541181600
Bredasdorp,-34.53,20.04,62.6,72,0,19.46,1541181600
Torbay,47.66,-52.73,46.4,65,75,14.99,1541181600
Amapa,15.09,-87.97,91.4,55,75,3.36,1541181600
Mathbaria,22.29,89.96,71.78,98,0,2.15,1541184005
Fortuna,38.18,-1.13,64.4,55,0,3.36,1541183400
Birjand,32.86,59.22,39.2,51,0,6.93,1541181600
Saint George,39.45,22.34,60.8,93,0,3.15,1541181000
Thai Binh,20.45,106.33,60.17,90,0,2.82,1541184006
Sivaki,52.63,126.75,29.3,61,92,7.18,1541184072
Eenhana,-17.48,16.34,80.78,33,0,3.49,1541184072
Geraldton,49.72,-86.95,35.6,55,90,2.24,1541181600
Saqqez,36.24,46.27,47.08,40,12,6.62,1541184073
Namibe,-15.19,12.15,72.73,100,0,10.42,1541183932
Kokopo,-4.34,152.27,79.03,100,56,4.94,1541184073
Yar-Sale,66.83,70.83,10.72,100,36,17.92,1541184074
Port Lincoln,-34.72,135.86,59,91,92,12.66,1541184074
Zhigansk,66.77,123.37,-0.81,67,12,8.19,1541184074
Yurty,56.05,97.64,16.48,45,24,4.5,1541184075
Prabumulih,-3.5,104.19,73.27,97,76,2.37,1541184075
Saldanha,41.42,-6.55,54.14,83,12,3.6,1541183895
none,none,none,none,none,none,none,none
Poum,41.28,20.71,55.4,87,20,2.24,1541181600
Narsaq,60.91,-46.05,24.8,62,40,1.12,1541181000
Schwarzenbek,53.5,10.48,46.4,81,0,4.7,1541182800
Itarema,-2.92,-39.92,89.33,56,12,16.13,1541184077
none,none,none,none,none,none,none,none
Smithers,54.78,-127.17,35.6,100,75,4.7,1541181600
Victoria Point,-27.58,153.3,68,93,0,18.25,1541181600
none,none,none,none,none,none,none,none
none,none,none,none,none,none,none,none
Alyangula,-13.85,136.42,82.27,100,8,9.19,1541184078
Leshukonskoye,64.9,45.76,33.31,95,88,1.92,1541184079
Ilulissat,69.22,-51.1,14,51,75,18.34,1541181000
Palana,59.08,159.95,10.13,72,48,2.59,1541184079
Pemba,-12.97,40.52,77,88,75,10.29,1541181600
Gazli,40.13,63.45,27.1,46,0,7.74,1541184080
none,none,none,none,none,none,none,none
Sattahip,12.67,100.9,73.4,73,0,5.82,1541183400
Vardo,39.62,-77.74,69.98,58,40,5.82,1541181600
Lebu,8.96,38.73,52.88,60,0,4.94,1541184081
Isangel,-19.55,169.27,74.12,100,64,25.52,1541184081
Kulhudhuffushi,6.62,73.07,83.53,100,20,4.16,1541184082
Bayir,37.27,28.22,60.8,77,0,1.12,1541181000
The Valley,18.22,-63.06,82.4,74,40,14.99,1541181600
Kirksville,40.19,-92.58,48.2,89,90,9.17,1541181300
Belaya Gora,68.54,146.19,3.92,81,64,3.04,1541184083
Douentza,15.01,-2.95,89.69,25,0,9.86,1541184084
Huntsville,34.73,-86.59,50,70,90,4.7,1541182800
Menongue,-14.66,17.68,77.09,29,0,3.83,1541184084
Dunedin,-45.87,170.5,58.82,64,92,13.56,1541184085
Matagami,9.67,8.4,73.27,82,24,5.06,1541184085
Bethel,60.79,-161.76,17.06,87,1,17.22,1541181180
Mahibadhoo,3.78,72.97,83.17,100,8,4.05,1541184085
Guaymas,27.92,-110.9,84.2,37,5,4.16,1541180400
Marabba,12.35,32.18,82.94,49,0,3.94,1541184086
none,none,none,none,none,none,none,none
Sao Filipe,14.9,-24.5,81.77,85,36,14,1541183793
Mahebourg,-20.41,57.7,75.2,78,20,8.05,1541181600
none,none,none,none,none,none,none,none
Banda Aceh,5.56,95.32,74.17,100,24,2.59,1541184152
Rome,41.89,12.48,66.2,68,40,12.75,1541181300
Kawardha,22.01,81.23,70.75,80,32,2.71,1541184152
Airai,-8.93,125.41,65.53,88,24,1.7,1541184153
Caucasia,7.98,-75.2,79.21,94,92,2.82,1541184153
Hami,42.84,93.51,32.27,77,80,3.04,1541184153
Salalah,17.01,54.1,80.6,78,75,3.36,1541181000
Kangaatsiaq,68.31,-53.46,18.73,100,88,20.27,1541183959
Ornskoldsvik,63.29,18.72,42.8,100,90,5.82,1541182800
Caravelas,-17.73,-39.27,78.67,100,0,13.78,1541183935
Nikolskoye,59.7,30.79,44.6,93,90,4.47,1541181600
Khatanga,71.98,102.47,1.22,71,64,12.77,1541184155
Gat,14.69,-16.54,96.8,32,0,4.7,1541181600
Tomohon,1.33,124.84,77,94,40,1.59,1541183400
Labytnangi,66.66,66.39,2.03,59,0,4.38,1541184093
Pudozh,61.81,36.54,39.38,96,92,9.42,1541184156
Ahuimanu,21.44,-157.84,78.98,82,90,6.93,1541181960
Hamilton,32.3,-64.78,77,57,75,13.87,1541181300
Taloda,21.56,74.21,74.35,65,44,2.93,1541184158
none,none,none,none,none,none,none,none
Carnarvon,-30.97,22.13,55.49,14,0,4.72,1541184158
Nome,30.04,-94.42,69.08,44,1,8.05,1541182500
Mgachi,51.05,142.27,45.14,79,32,12.44,1541184159
Kashima,33.1,130.1,50,87,0,6.93,1541181600
none,none,none,none,none,none,none,none
Pameungpeuk,-7.63,107.73,78.85,100,64,10.31,1541184160
Guerrero Negro,27.97,-114.04,77.23,38,0,3.38,1541184160
Jacareacanga,-6.22,-57.76,86,79,75,4.7,1541181600
none,none,none,none,none,none,none,none
Novyy Urgal,51.07,132.56,31.33,81,56,5.84,1541184161
Washington DC.,38.9,-77.04,75.02,69,40,8.05,1541182500
Barcelos,41.53,-8.62,59,93,20,5.82,1541181600
Naryan-Mar,67.67,53.09,30.7,94,68,10.09,1541184162
none,none,none,none,none,none,none,none
Saskylakh,71.97,114.09,3.47,82,56,9.75,1541184163
Hasaki,35.73,140.83,46.4,100,20,3.36,1541181600
Celestun,20.87,-90.4,75.25,100,92,15.57,1541184163
Sorong,-0.86,131.25,79.34,100,12,2.15,1541184164
Ouango,4.31,22.55,74.08,95,32,2.37,1541184164
Fort Frances,48.61,-93.4,39.02,64,90,6.93,1541181300
College,64.86,-147.8,3.92,85,1,7.07,1541181480
Sechura,-5.56,-80.82,74.98,76,56,7.52,1541184165
Conde,-11.81,-37.61,84.83,63,0,12.1,1541184165
Ukiah,39.15,-123.21,64.94,52,1,2.37,1541181360
Dikson,73.51,80.55,22.64,100,44,6.85,1541184166
Matara,-13.74,-72.9,37.4,328,90,8.05,1541181600
Magan,62.1,129.53,15.8,72,40,15.66,1541181600
Sao Joao da Barra,-21.64,-41.05,82.4,58,40,9.17,1541181600
Walvis Bay,-22.95,14.51,62.6,77,0,8.05,1541181600
Warora,20.23,79,76.1,68,8,5.95,1541184232
Cabo San Lucas,22.89,-109.91,82.4,54,5,6.4,1541180880
Isla Vista,34.41,-119.86,77,29,1,3.36,1541181360
Killybegs,54.63,-8.45,46.9,100,92,26.08,1541184233
Twentynine Palms,34.14,-116.05,86,24,1,4.7,1541181360
none,none,none,none,none,none,none,none
Pacific Grove,36.62,-121.92,68,67,1,5.82,1541181300
Coihaique,-45.58,-72.07,62.6,33,75,10.29,1541181600
Yenagoa,4.92,6.26,79.79,80,88,7.52,1541184234
none,none,none,none,none,none,none,none
Komsomolskiy,67.55,63.78,24.08,85,68,10.65,1541184235
Los Llanos de Aridane,28.66,-17.92,71.6,73,75,14.99,1541183400
Konigs Wusterhausen,52.3,13.63,48.2,87,0,4.7,1541182800
Agadir,30.42,-9.58,69.8,68,0,6.93,1541181600
Okhotsk,59.36,143.24,19.27,100,76,3.94,1541184236
Dicabisagan,17.08,122.42,73.58,100,0,2.37,1541184236
Russell,-33.01,-68.8,82.4,37,20,9.17,1541181600
Sungairaya,0.7,108.9,73.13,100,64,3.04,1541184237
Ginda,30.69,78.49,41.9,100,92,1.36,1541184237
Mikuni,36.22,136.15,51.8,81,75,3.36,1541181600
Marystown,47.17,-55.16,45.59,92,56,13,1541184129
Sinnamary,5.38,-52.96,83.03,92,20,5.39,1541184238
Broken Hill,-31.97,141.45,64.67,46,0,8.97,1541183982
Nara,34.68,135.8,57.2,67,0,9.17,1541181600
Marawi,8,124.29,67.73,94,36,2.37,1541184239
Montmagny,48.97,2.34,44.6,80,0,1.12,1541183400
Ponta do Sol,-20.63,-46,84.43,63,36,4.94,1541184240
Kodiak,39.95,-94.76,48.92,74,90,10.29,1541181180
Wahiawa,21.5,-158.02,78.98,100,90,8.63,1541181960
Port Hardy,50.7,-127.42,51.8,87,75,8.05,1541181600
Hualmay,-11.1,-77.61,73.18,62,0,4.72,1541184241
none,none,none,none,none,none,none,none
Civitanova Marche,43.31,13.72,60.8,93,40,4.7,1541181000
Zemaiciu Naumiestis,55.36,21.7,43.88,93,44,2.93,1541184241
Morris,41.36,-88.42,50.36,51,1,4.7,1541181300
Bama,24.14,107.25,48.88,75,0,2.37,1541184242
Kaitangata,-46.28,169.85,54.91,82,56,9.53,1541184243
North Bend,43.41,-124.22,57.2,100,90,9.17,1541183400
Jalu,29.03,21.55,67.87,47,12,8.3,1541184243
Montbrison,45.61,4.07,50,81,90,8.05,1541183400
Provideniya,64.42,-173.23,36.77,100,76,21.72,1541184244
Bagdarin,54.44,113.59,4.55,38,0,8.86,1541184244
Mahajanga,-15.72,46.32,80.6,83,40,6.93,1541181600
Afua,5.27,7.87,78.58,88,64,5.73,1541184245
Constitucion,23.99,-104.67,60.8,44,5,5.82,1541180580
Moree,-29.46,149.84,70.93,47,32,13.22,1541184316
Sterling,39,-77.4,73.04,77,1,8.05,1541182500
Oktyabrskiy,55.61,37.97,44.6,70,0,8.95,1541181600
Palmer,-34.85,139.16,60.8,67,75,14.99,1541183400
Sabha,27.03,14.43,69.8,31,68,2.93,1541184312
Cotonou,6.37,2.43,84.2,79,40,8.05,1541181600
Camacha,33.08,-16.33,68,82,40,11.41,1541183400
Mutis,6.23,-77.4,72.14,100,92,7.18,1541184313
Hanmer Springs,-42.52,172.83,51.8,76,92,9.98,1541184314
Pisco,-13.71,-76.2,71.6,30,0,10.29,1541181600
Staryy Nadym,65.61,72.68,15.35,81,68,19.15,1541184314
none,none,none,none,none,none,none,none
none,none,none,none,none,none,none,none
Olaine,56.79,23.93,50,100,24,6.93,1541182800
Sandominic,46.58,25.78,48.29,91,0,1.92,1541184315
Norman Wells,65.28,-126.83,8.6,84,75,2.24,1541182020
Umm Kaddadah,13.6,26.69,75.47,18,0,7.74,1541184316
Batagay-Alyta,67.8,130.41,-18.99,25,0,3.38,1541184316
Yining,29.04,114.56,48.38,99,92,2.48,1541184317
Rincon,32.3,-81.24,75.2,83,75,16.11,1541183040
Hirara,24.8,125.28,76.37,100,92,27.98,1541184317
Goderich,43.74,-81.71,43.21,100,76,13.33,1541184024
Haines Junction,60.75,-137.51,-2.65,100,36,2.37,1541184318
none,none,none,none,none,none,none,none
Guayaramerin,-10.82,-65.36,93.2,52,75,5.82,1541181600
Margate,-43.03,147.26,44.6,75,40,19.46,1541183400
none,none,none,none,none,none,none,none
Bandarbeyla,9.49,50.81,79.03,100,0,11.43,1541184319
Fort Nelson,58.81,-122.69,21.2,79,90,8.05,1541181600
Victoria,5.28,115.24,82.4,78,90,4.7,1541183400
Katobu,-4.94,122.53,79.75,100,8,4.83,1541184320
Kieta,-6.22,155.63,76.6,100,76,3.6,1541184321
Cap-aux-Meules,47.38,-61.86,41,86,90,8.05,1541181600
Aykhal,65.95,111.51,3.16,79,56,3.94,1541184321
Phatthalung,7.62,100.08,81.37,77,100,7.07,1541184322
Kruisfontein,-34,24.73,61.57,81,8,19.71,1541184322
Pyinmana,19.74,96.21,72.05,87,8,2.37,1541184322
Soverato,38.69,16.55,68,94,40,11.65,1541181000
Lincoln,53.23,-0.54,46.4,93,20,9.17,1541182800
Svetlogorsk,53.14,59.15,33.8,74,90,8.95,1541181600
Lasa,34.92,32.53,69.8,55,0,5.82,1541183400
Songea,-10.68,35.65,76.1,57,48,4.05,1541184324
Trairi,-3.28,-39.27,80.65,100,0,19.26,1541184324
Labuhan,-2.54,115.51,73.94,94,20,1.14,1541184324
Autun,46.95,4.3,50,81,90,6.93,1541183400
Illapel,-31.63,-71.17,63.55,74,8,3.04,1541184325
Veraval,49.65,0.71,41,75,0,4.7,1541183400
Bahia Blanca,-38.72,-62.27,60.4,100,0,11.1,1541184172
Moose Factory,51.26,-80.61,35.6,80,90,2.24,1541182080
Ambulu,-8.35,113.61,78.67,100,68,5.5,1541184326
Bowen,-20.01,148.25,68,88,40,6.93,1541181600
Aklavik,68.22,-135.01,14,92,40,5.82,1541181600
Puri,-7.54,112.45,71.33,81,20,3.94,1541184392
Belyy Yar,53.6,91.39,24.8,53,0,13.42,1541181600
Westport,53.8,-9.52,46.4,100,90,21.92,1541183400
Suoyarvi,62.08,32.35,41,99,100,6.51,1541184393
Mbandaka,0.05,18.26,71.69,100,80,4.94,1541184393
Fairbanks,64.84,-147.72,3.92,85,1,7.07,1541181480
Buraydah,26.33,43.97,59,100,75,13.87,1541181600
Pouebo,-20.4,164.57,70.97,85,24,12.21,1541184394
Dhrangadhra,22.99,71.47,74.84,53,12,4.27,1541184394
Kalianget,-7.35,109.91,67.55,94,24,2.59,1541184395
Prince Rupert,54.32,-130.32,50,87,90,11.41,1541181600
Kattivakkam,13.22,80.32,80.6,94,40,6.62,1541183400
Kabinda,-6.14,24.49,68.68,97,80,3.49,1541184396
Biltine,14.53,20.93,77.5,24,0,7.4,1541184396
San Cristobal,-0.39,-78.55,66.2,42,75,10.29,1541181600
Olean,42.08,-78.43,55.04,65,90,6.93,1541183340
none,none,none,none,none,none,none,none
Pangai,-19.8,-174.35,71.6,68,75,5.82,1541181600
Ramona,33.04,-116.87,89.96,17,1,9.17,1541183640
Ambilobe,-13.19,49.05,79.66,50,0,10.98,1541184398
Byron Bay,-28.65,153.62,68,72,0,9.17,1541183400
none,none,none,none,none,none,none,none
none,none,none,none,none,none,none,none
Kavaratti,10.57,72.64,86.27,96,20,4.27,1541184399
Cerrito,6.84,-72.7,69.8,100,75,8.05,1541181600
Severo-Kurilsk,50.68,156.12,41.45,92,48,20.83,1541184399
Luderitz,-26.65,15.16,61.07,72,12,3.94,1541184399
Gavle,60.67,17.14,46.67,92,24,10.09,1541184242
Bouca,6.51,18.28,81.73,64,36,5.39,1541184400
Luena,-11.78,19.91,73.22,74,48,2.93,1541184400
Quatre Cocos,-20.21,57.76,75.2,78,20,8.05,1541181600
Kabo,7.69,18.62,83.93,54,20,12.1,1541184401
Padang,-0.92,100.36,78.67,100,76,2.71,1541184401
Ust-Charyshskaya Pristan,52.39,83.67,24.76,65,68,22.5,1541184402
Marseille,43.3,5.37,59,67,0,10.29,1541183400
Brainerd,46.36,-94.2,41,54,1,4.7,1541182800
Jorhat,26.76,94.21,67.33,83,36,2.37,1541184402
Sainte-Maxime,43.31,6.64,59,87,0,4.7,1541183400
none,none,none,none,none,none,none,none
Uyemskiy,64.47,40.85,35.6,100,90,2.24,1541181600
Hay River,60.82,-115.79,24.8,92,90,3.36,1541183040
Loandjili,-4.77,11.87,80.6,78,20,9.17,1541181600
Alizai,33.94,71.55,60.8,77,40,4.7,1541183400
Salisbury,51.07,-1.8,42.8,86,0,1.12,1541182800
Moranbah,-22,148.04,63.14,98,44,6.96,1541184405
Lagos,6.46,3.39,80.6,88,20,4.7,1541181600
Adrar,27.87,-0.29,75.2,29,0,11.41,1541181600
Sibolga,1.74,98.78,68.18,100,56,2.04,1541184406
Yantal,56.85,105.25,14.27,49,36,5.39,1541184471
Buy,58.48,41.53,37.27,96,88,7.4,1541184471
Tomatlan,19.93,-105.25,84.74,69,0,3.38,1541184472
Kerema,-7.96,145.78,71.2,98,8,2.37,1541184472
Quesnel,52.98,-122.49,42.8,93,90,6.93,1541182800
Nemuro,43.32,145.57,50.32,100,0,9.42,1541184472
Merauke,-8.49,140.4,78.89,92,8,13.33,1541184473
Christchurch,-43.53,172.64,57.2,62,92,9.17,1541181600
Pondicherry,-34.04,18.35,64.4,63,0,12.75,1541181600
Talcahuano,-36.72,-73.12,59,82,75,13.87,1541181600
none,none,none,none,none,none,none,none
Otradnoye,59.77,30.8,44.6,93,90,4.47,1541181600
Hokitika,-42.72,170.96,52.48,100,92,17.36,1541184475
Balkhash,46.84,74.98,23.86,100,20,6.96,1541184475
Vila Franca do Campo,37.72,-25.43,68,88,75,8.05,1541183400
Faanui,-16.48,-151.75,77.95,100,92,18.37,1541184475
Iqaluit,63.75,-68.52,5,71,20,9.17,1541181600
Pevek,69.7,170.27,8.65,100,76,4.61,1541184476
Kyabram,-36.31,145.05,57.7,61,0,11.54,1541184476
Nizip,37.01,37.79,53.6,58,0,3.36,1541182800
Kahului,20.89,-156.47,80.06,69,20,13.87,1541181360
Alberton,-26.25,28.13,64.4,59,0,17.22,1541181600
Arlit,18.74,7.39,78.44,16,0,2.71,1541184477
Aginskoye,51.11,114.54,16.52,52,8,13.67,1541184478
Tonk,26.16,75.79,68.09,54,0,4.5,1541184478
Paraiso,24.01,-104.61,60.8,44,5,5.82,1541180580
Podlesnoye,54.32,47.61,31.87,87,44,8.41,1541184479
Ondarroa,43.32,-2.42,51.8,93,40,1.12,1541183400
Kilindoni,-7.91,39.67,79.7,100,48,9.64,1541184479
Sambava,-14.27,50.17,77.18,100,0,15.23,1541184479
Pangkalanbuun,-2.68,111.62,74.53,95,76,2.71,1541184480
Saint-Francois,46.42,3.91,50,81,90,6.93,1541183400
Kashary,49.04,41.01,36.55,63,0,8.63,1541184480
Dingle,11,122.67,77.05,92,8,7.74,1541184481
Shingu,33.72,135.99,60.67,100,76,10.09,1541184481
San Lorenzo,-25.34,-57.51,84.2,70,75,11.41,1541181600
none,none,none,none,none,none,none,none
none,none,none,none,none,none,none,none
Egvekinot,66.32,-179.17,13.6,83,88,2.59,1541184483
Bani Walid,31.76,14,69.44,67,36,10.76,1541184483
Kamenka,53.19,44.05,29.39,87,36,10.2,1541184484
Ulladulla,-35.36,150.48,75.2,50,0,18.34,1541183400
Tual,-5.67,132.75,84.16,100,64,8.41,1541184484
Mocuba,-16.84,36.99,86.41,48,24,11.99,1541184485
Milan,45.47,9.19,55.4,93,40,2.24,1541182800
Obo,5.39,26.49,71.47,95,68,3.83,1541184485
Burnie,-41.05,145.91,53.47,100,24,33.35,1541184486
Klaksvik,62.23,-6.59,42.8,81,68,18.34,1541182800
Burley,42.54,-113.79,64.04,35,1,19.46,1541181180
Vitim,59.44,112.57,14.5,60,68,8.75,1541184551
Ouargaye,11.5,0.06,88.52,43,12,3.94,1541184552
Hof,50.32,11.92,46.94,75,0,2.24,1541182800
none,none,none,none,none,none,none,none
Yudong,35.16,126.9,44.6,100,0,4.7,1541182200
Nouakchott,18.08,-15.98,78.62,83,0,13.11,1541184407
Karpathos,35.51,27.21,68,88,20,4.7,1541182800
Guarapari,-20.67,-40.5,78.8,78,0,16.11,1541181600
Genhe,50.78,121.52,23.45,72,32,10.65,1541184555
Booue,-0.09,11.94,78.89,85,48,2.15,1541184555
Puerto Ayacucho,5.66,-67.63,91.4,55,40,3.71,1541181600
none,none,none,none,none,none,none,none
Eydhafushi,5.1,73.07,83.35,100,0,4.83,1541184556
none,none,none,none,none,none,none,none
Mantua,45.16,10.79,59,100,75,2.24,1541182800
Srednekolymsk,67.46,153.71,7.57,76,56,4.38,1541184557
none,none,none,none,none,none,none,none
Broome,52.47,1.45,42.8,93,0,4.7,1541182800
Baie-Comeau,49.22,-68.15,39.2,80,90,3.36,1541183640
Fort-Shevchenko,44.51,50.26,43.21,100,0,14.34,1541184558
none,none,none,none,none,none,none,none
Makurdi,7.73,8.54,83.03,72,56,4.83,1541184558
Awjilah,29.14,21.3,66.29,54,12,8.19,1541184559
Hobyo,5.35,48.53,77.68,87,0,9.75,1541184559
none,none,none,none,none,none,none,none
Sioux Lookout,50.1,-91.92,32,82,90,2.24,1541181600
Lingao,19.91,109.69,66.97,100,0,3.83,1541184560
Harper,30.3,-99.24,68.9,34,1,10.29,1541182500
Paka,45.29,18.06,60.8,82,20,5.82,1541183400
Kushiro,43.11,144.15,26.24,73,0,2.93,1541184561
Acapulco,16.86,-99.88,86,74,20,5.82,1541180700
Talnakh,69.49,88.39,-0.85,66,24,6.73,1541184561
Lagoa,37.14,-8.45,64.4,82,20,8.05,1541183400
Youghal,51.95,-7.85,50,100,75,14.99,1541183400
Seguela,7.96,-6.67,85.78,61,24,2.93,1541184562
Constantine,36.36,6.61,53.6,71,75,6.93,1541183400
Port Macquarie,-31.43,152.91,69.8,68,88,1.12,1541181600
none,none,none,none,none,none,none,none
Thinadhoo,0.53,72.93,82.36,100,92,10.2,1541184563
none,none,none,none,none,none,none,none
Uusikaupunki,60.8,21.41,46.4,93,88,12.75,1541182800
Lata,30.78,78.62,41.9,100,92,1.36,1541184564
Riyadh,24.63,46.72,71.6,53,0,6.93,1541181600
none,none,none,none,none,none,none,none
Porbandar,21.64,69.61,79.79,71,0,7.85,1541184565
Tiksi,71.64,128.87,-6.3,57,64,4.94,1541184565
Bontang,0.12,117.47,80.42,100,44,3.15,1541184566
Wuan,31.68,112,51.13,70,0,7.96,1541184566
Iquitos,-3.75,-73.25,86,66,75,5.82,1541181600
Najran,17.54,44.22,69.8,43,0,9.17,1541181600
none,none,none,none,none,none,none,none
Saint-Pierre,48.95,4.24,46.4,80,0,6.93,1541183400
Nsanje,-16.92,35.26,86.41,47,8,16.46,1541184633
Honavar,14.28,74.45,80.38,88,80,1.7,1541184633
Taksimo,56.36,114.84,6.35,36,36,5.17,1541184633
Magadan,59.56,150.8,26.6,100,90,8.95,1541181600
Sao Gabriel da Cachoeira,-0.13,-67.09,83.3,80,92,2.93,1541184634
Gusinoye Ozero,51.11,106.26,3.65,76,12,3.15,1541184634
none,none,none,none,none,none,none,none
Balangiga,11.11,125.39,76.28,100,88,4.72,1541184635
Henties Bay,-22.12,14.28,63.95,86,0,3.38,1541184635
Sabang,13.72,123.58,80.6,92,76,7.85,1541184635
Pangnirtung,66.15,-65.72,15.8,52,20,3.36,1541181600
Kiruna,67.86,20.23,33.8,100,92,8.05,1541182800
Dakar,14.69,-17.45,80.6,74,0,6.93,1541181600
Karratha,-20.74,116.85,72.5,56,0,7.96,1541184637
Ulagan,50.63,87.96,-15.25,72,20,2.48,1541184637
Horta,41.43,2.16,57.2,81,0,3.36,1541183400
San Francisco,37.78,-122.42,71.06,52,1,1.7,1541183700
Bahia Honda,22.9,-83.16,82.18,82,56,6.06,1541184638
Anadyr,64.73,177.51,24.8,92,90,6.71,1541181600
Torrington,42.06,-104.18,46.94,41,90,11.41,1541181180
Pochutla,15.74,-96.47,87.8,70,75,5.82,1541180820
Yinchuan,38.48,106.21,39.83,65,92,3.04,1541184620
Valdosta,30.83,-83.28,68,94,20,6.93,1541183700
none,none,none,none,none,none,none,none
San Martin,37.08,-121.61,71.6,40,1,3.38,1541183700
Ixtapa,20.71,-105.21,82.4,74,90,1.92,1541180940
Northam,51.04,-4.21,44.6,75,0,5.82,1541182800
Tiznit,29.7,-9.73,67.19,78,0,2.59,1541184641
Waingapu,-9.65,120.26,74.17,94,12,4.27,1541184641
Mkushi,-13.61,29.4,79.57,27,20,8.75,1541184641
Mapiri,-15.31,-68.22,63.28,89,68,3.27,1541184642
none,none,none,none,none,none,none,none
none,none,none,none,none,none,none,none
Teya,21.05,-89.07,84.2,66,90,3.49,1541180640
Sikeston,36.88,-89.59,55.4,62,40,13.87,1541182500
General Pico,-35.66,-63.75,79.93,63,0,10.09,1541184643
Vikulovo,55.07,40.96,36.46,86,80,10.76,1541184643
Tautira,-17.73,-149.15,84.2,62,20,3.36,1541183400
Kologriv,58.83,44.31,37.67,100,92,4.72,1541184644
Cayenne,4.94,-52.33,89.6,55,0,13.87,1541181600
Vostok,46.45,135.83,17.02,67,0,3.15,1541184645
Catia La Mar,10.6,-67.03,86,55,20,4.7,1541181600
Sovetskiy,56.76,48.47,35.47,98,92,7.63,1541184645
El Jicaro,14.91,-89.89,76.33,71,24,1.92,1541184646
Pilar,-34.46,-58.91,66.2,68,0,8.05,1541181600
Yaring,6.87,101.37,76.28,93,24,3.49,1541184646
Waipawa,-39.94,176.59,48.2,83,80,9.31,1541184712
Tilichiki,60.47,166.1,7.66,81,92,3.49,1541184712
Emerald,-23.53,148.16,62.02,92,12,4.72,1541184712
none,none,none,none,none,none,none,none
Quarai,-30.39,-56.45,83.39,66,0,11.1,1541184713
Lethem,3.38,-59.8,97.43,37,20,13.22,1541184713
Gunjur,13.18,-16.76,91.4,59,0,4.7,1541181600
Tommot,58.97,126.27,15.13,56,68,9.31,1541184714
Flinders,-34.58,150.85,75.2,50,0,18.34,1541183400
Muncar,-8.43,114.34,79.75,94,76,5.95,1541184714
Chhatarpur,24.92,79.59,71.15,61,0,3.27,1541184714
Nishihara,35.74,139.53,57.2,79,1,3.71,1541181600
Disraeli,45.9,-71.36,46.4,93,90,2.24,1541181600
Araguaina,-7.19,-48.21,89.38,66,32,3.27,1541184715
Haimen,31.87,121.18,56.75,100,92,8.19,1541184716
Cambridge,52.2,0.12,42.8,86,0,5.82,1541182800
Manitouwadge,49.12,-85.84,35.6,51,90,5.82,1541181600
Moron,10.49,-68.2,77.86,79,76,2.93,1541184717
Benjamin Constant,-4.38,-70.03,84.2,83,75,4.7,1541181600
Toamasina,-18.17,49.38,75.2,88,75,3.36,1541181600
Luganville,-15.51,167.18,78.17,100,88,21.83,1541184718
Saquena,-4.67,-73.52,84.88,78,64,3.71,1541184718
Klyuchi,52.25,79.17,29.03,76,92,18.81,1541184718
none,none,none,none,none,none,none,none
Taoudenni,22.68,-3.98,73.45,27,0,5.5,1541184719
Sao Jose da Coroa Grande,-8.9,-35.15,83.84,70,0,12.21,1541184719
Katsuura,33.93,134.5,49.37,100,0,4.61,1541184720
none,none,none,none,none,none,none,none
Zhob,31.34,69.45,42.35,38,0,6.17,1541184720
none,none,none,none,none,none,none,none
Brindisi,40.63,17.94,68,88,20,6.93,1541182800
Barra do Garcas,-15.89,-52.26,91.4,49,40,3.36,1541181600
Bambanglipuro,-7.95,110.28,72.91,90,24,2.48,1541184721
New Plymouth,-39.06,174.08,54.68,100,92,14.79,1541184721
Pontes e Lacerda,-15.23,-59.33,90.46,72,8,5.39,1541184722
Nelson Bay,-32.72,152.14,73.4,64,8,18.34,1541183400
Altay,47.83,88.13,-10.93,45,0,0.69,1541184722
Medina del Campo,41.31,-4.92,51.8,87,20,6.93,1541183400
